id,title_id,real_name,character_nane,role
5787540814561280,1032233238396928,"Sylvia Jacobs Jr.","Jo Mraz","Director"
4093429137014784,4529352838479872,"Javier Labadie","Edgar Stokes","Actor"
8588683663900672,2304628572028928,"Stephen Pollich","Dale Block PhD","Actress"
3481268912128000,3284045471416320,"Pearl Hirthe","Mrs. Sylvia Sporer","Actor"
8560852573618176,290643398098944,"Gregg Miller","Cary Kiehn","Costume Designer"
4507264138346496,7364260415930368,"Charlene Cormier","Jessie Stiedemann","Cinematographer"
2905028192894976,7833124654284800,"Matthew Bednar","Warren Emmerich","Actor"
5539083315052544,2275857196384256,"Esther Dickinson-Quitzon","Mattie Braun","Cinematographer"
7553555986644992,6802052424400896,"Arthur McLaughlin","Angel Keebler","Actress"
4436782911324160,3468598880239616,"Wilson Wiza","Rudy Fadel","Film Editor"
7434765084917760,1000149987885056,"Josh Bernier IV","Casey Hegmann","Production Designer"
4132097748893696,7078682564755456,"Sylvester Schulist","Ronald MacGyver","Actor"
2540837820956672,8804785727733760,"Tyler Brown","Billy Stamm","Music Composer"
5581693859659776,5110475494785024,"Manuel Mante","John Swaniawski IV","Costume Designer"
7193541017075712,361268686880768,"Nettie Wisoky","Verna Howe","Costume Designer"
6278264634998784,235212564856832,"Ms. Kristine Kemmer","Toni Bechtelar II","Actress"
6764204524568576,5076630250717184,"Verna Bogisich","Mrs. Camille Daugherty-Lebsack","Producer"
7114314687184896,8068193950105600,"Mrs. Ana Rath","Ms. Jennifer VonRueden DVM","Cinematographer"
5797935340060672,8955011685941248,"Clyde Kemmer","Mr. Herbert Schoen","Costume Designer"
1273195271290880,8624037064343552,"Darin Mante","Matt Weimann","Screenwriter"
6012671008702464,6455530463690752,"Jodi Rowe","Angela Bergnaum-Schroeder","Actor"
5256973261996032,8237551005466624,"Florence Wolf","Alice Kautzer","Director"
6783236057333760,1577539734601728,"Ian Casper","Bernard McClure","Screenwriter"
1694380297551872,7903873366753280,"Stacy Crona","Karen Kemmer","Actress"
4004683309907968,5928493135167488,"Alberto Kuphal","Darrin Gleason III","Director"
1096622970765312,5740629493547008,"Wilfred Beatty","Don Parisian Sr.","Costume Designer"
1265381224218624,1581861352505344,"Aaron Romaguera","Manuel Krajcik","Costume Designer"
8041948004745216,5253736242872320,"Ollie Koss","Shari Abshire","Music Composer"
2137709806092288,6017420248481792,"Jon Schoen","Rolando Pagac","Film Editor"
4052468788887552,6503390727110656,"Darrel Schuppe","Lyle Deckow","Producer"
1064708922671104,8738296303714304,"Leroy Parisian","Roderick Schmitt","Film Editor"
3684280848875520,2017564051898368,"Randy Wyman","Kristopher Spencer","Actor"
3816302682570752,5074797318897664,"Dr. Dewey Gusikowski","Gilberto Bernhard","Actress"
8378710879109120,4032019273089024,"Domingo Lubowitz","Roger O'Connell","Producer"
4706211421224960,4020835023060992,"Krystal Botsford","Susan Wisozk","Production Designer"
3632869167595520,4887532019908608,"Valerie Becker","Carole Carter","Director"
3890462760894464,2967493903646720,"Monica Daugherty","Meghan Lehner","Producer"
4678335940526080,4174344567652352,"Dr. Bradley Sipes DDS","Rickey Murphy","Actress"
5381783426170880,3920066164817920,"Maggie Thompson","Elaine Osinski","Film Editor"
4065221851217920,1003106915581952,"Vincent Kuhlman","Dr. Felipe Koss","Director"
6199554686844928,211743850627072,"Homer Muller","Patrick Bode","Cinematographer"
3964263699841024,4378560762478592,"Mr. Lionel Little","Luke Lakin","Actor"
5087492709548032,826417080172544,"Doyle Brakus-Wunsch","Lorenzo Witting","Costume Designer"
7427964100673536,2572121884590080,"Freda Kerluke","Pearl Beahan","Screenwriter"
4041725274226688,7002538456907776,"Mr. Alan Price","Mario Crist","Production Designer"
7929628060549120,8355635563331584,"Gayle Fritsch","Mindy Gerhold","Music Composer"
6802612898758656,3100271118909440,"Lauren Kozey","Judith Blanda","Actress"
536416480133120,688438464479232,"Dr. Mike Pfeffer","Roman Haag","Actor"
2603081671901184,2056800115359744,"Phyllis Welch","Lauren Dickinson","Screenwriter"
8488637412933632,6401594086129664,"Doyle Kub-Jacobs PhD","Harvey Klocko","Director"
8204277294039040,5277172455440384,"Marion Kunze","James Hegmann","Costume Designer"
2267387204206592,8967336994275328,"Kelly Rutherford III","Dr. Jean Hagenes","Director"
646646088073216,774415457452032,"Dr. Esther Goyette","Linda Ankunding","Actor"
1741704705081344,2780682218635264,"Mae Wehner","Latoya Schultz","Screenwriter"
5605159788871680,6325342828494848,"Dustin Lubowitz","Terrance Schaefer","Production Designer"
2630372711989248,1852905770450944,"Douglas Rath","Mr. Dwayne Crooks","Film Editor"
2568649571303424,55196908519424,"Tanya Terry-Ruecker","Tasha Mills","Costume Designer"
3672235839586304,439333626576896,"Walter Koepp","Allen Dooley","Production Designer"
7272014544896000,2079736473845760,"Joy Schumm","Juana Krajcik","Film Editor"
7235803484782592,1779289619955712,"Melinda Russel","Angel Turner","Actor"
5261740952518656,641486672625664,"Joel Cruickshank","Herbert Mante","Film Editor"
1907202298216448,5689534448664576,"Jane Ebert","Kathleen Brakus","Producer"
306671788228608,6575559398129664,"Cory Heathcote","Julian Yundt","Film Editor"
5075460497080320,3920924625600512,"Vanessa Heathcote DVM","Martha Connelly","Production Designer"
7965499002454016,7834391625596928,"Percy Padberg","Alfredo Shanahan","Producer"
5168081097719808,6365797224022016,"Daisy Yost","Kristen Lehner","Screenwriter"
2782497838465024,4440538403045376,"Rickey Frami","Angel Jaskolski","Director"
2686464087293952,2391105148551168,"Joey Koss","Mr. Christian McKenzie","Director"
3427192566448128,5342230074097664,"Blanca Walsh","Vicki Tremblay","Actor"
5675852173934592,1699342559739904,"Nadine Simonis","Ms. Melinda Schimmel","Cinematographer"
4657048337776640,5063595371003904,"Kenny Waelchi","Corey Kulas","Director"
7140715706449920,4634223486959616,"Sonja Hagenes","Kellie Schowalter","Cinematographer"
8960136546615296,8437177002229760,"Jean Farrell I","Roderick Wyman","Actor"
5258174814748672,1477561190187008,"Martin Windler","Oscar Stark","Producer"
2166899739721728,8507977849896960,"Cody Jacobi","Gregg Wolff","Producer"
6291082176364544,4547144216215552,"Phil Huels","Wilbert Durgan I","Actress"
8432540977201152,5395024818733056,"Archie Jaskolski","Ross Howe","Film Editor"
6758956124864512,2079710446092288,"Maureen Kovacek Sr.","Elizabeth Kuhlman","Film Editor"
2056214240296960,4599701909274624,"Mrs. Olive Conroy","Erica Rohan","Producer"
7651876726112256,4488879625207808,"Dr. Tyler Walter","Dr. Clay Harvey","Music Composer"
3263128924061696,1604693809692672,"Darlene Connelly","Ms. Mamie Jacobson","Cinematographer"
2192361448800256,6488130637004800,"Ms. Minnie Hudson","Sadie Crona","Actor"
1739105929003008,5471545361170432,"Tiffany Keebler","Cynthia Lemke II","Producer"
4583069191241728,3767146584735744,"Terrance Corwin","Andrew Dibbert","Costume Designer"
4297868663848960,7976668624846848,"Marilyn Wilkinson","Shirley Turner","Cinematographer"
4878638287683584,7363370613211136,"Vickie Christiansen II","Camille Denesik","Actress"
331479353655296,8127464609939456,"Wilson Will-Schumm","Orville Ernser","Producer"
5136110126628864,883480512692224,"Travis Mills","Abraham VonRueden","Cinematographer"
3191434651893760,3901851466465280,"Erin Stroman","May Lynch-Romaguera","Producer"
4767859490160640,7370014824857600,"Marcella Sauer","Pam Hagenes","Screenwriter"
177035347492864,7442060768444416,"Amanda Botsford","Constance Haag","Costume Designer"
999707977449472,6542531324018688,"Mitchell Hudson","Angelo Hilpert","Cinematographer"
6026737647353856,3147666875744256,"Mr. Roy Volkman","Leslie Dibbert-Herzog","Producer"
664839942832128,6167987671269376,"Shelley Renner","Johnnie Herzog III","Cinematographer"
7014126438055936,2150808042864640,"Glenn Murray","Dr. Virgil Huels","Music Composer"
3930312679620608,916140362563584,"Dan Feil","Micheal Leannon","Producer"
2717366779641856,1342385063723008,"Kendra Sporer DVM","Victoria Steuber","Film Editor"
8641025134297088,5105892328472576,"Lana Larkin-Hermiston","Robin Wiza","Costume Designer"
3178993494786048,7739841831763968,"Frederick Abernathy","Gilberto Swaniawski","Producer"
417846381248512,4356754081054720,"Dana Bahringer","Emmett Schumm","Music Composer"
1506362282475520,3470397032890368,"Dr. Manuel Hauck","Trevor Wuckert DVM","Screenwriter"
7267171023454208,2108281004752896,"Lela Feeney","Dr. Maxine Hermann","Film Editor"
5276302089125888,7807979191533568,"Steve Schoen","Guy Breitenberg","Producer"
2439177769582592,2415829289271296,"Mary Olson","Mrs. Kristine Schmeler II","Production Designer"
487651316596736,2299515186970624,"Gwendolyn Buckridge","Denise Lehner","Costume Designer"
2931242603380736,2546246321438720,"Mr. Hector Wilkinson","Willie Bradtke V","Film Editor"
8123061362491392,3631613971791872,"Betty Weber","Jan Smitham-Stoltenberg","Producer"
7034302592188416,5888610561687552,"Ms. Tiffany Kiehn","Casey Quigley","Actress"
4763662021558272,5573796605984768,"Dawn Frami","Fannie Feest-Kassulke","Director"
7372076631457792,3765592104370176,"Tami Jast","Cindy Witting","Actor"
8407415345119232,1445925169922048,"Darlene Block","Dr. Meghan Padberg","Producer"
2899010459271168,4809786312884224,"Guy Bartell IV","Wilson Auer","Production Designer"
7331006510006272,2860566188130304,"Salvador Lubowitz","Mr. Julius Botsford","Actor"
2422501988630528,6179103268929536,"Antoinette Conn","Shelley Jacobi","Cinematographer"
1983012835164160,4567447688445952,"Bessie Gerhold","Tricia Christiansen","Producer"
8581347945742336,6378554029768704,"Mr. Ross Schinner","Dr. Milton Kris","Cinematographer"
1101290635526144,6212458500849664,"Harriet Waelchi","Faith Weimann","Director"
6167415696130048,1167088655794176,"Matthew Pouros","Wayne Oberbrunner","Production Designer"
6682860599640064,6827316976025600,"Gayle Turner IV","Kristy Towne Sr.","Production Designer"
6710604377096192,8290445505331200,"Ms. Patsy Tillman","Dr. Kristi Smith","Director"
7567726501429248,7172604129443840,"Martha Franey","Katherine Crooks","Film Editor"
5813299985776640,8454750154522624,"Rickey Witting","Dr. Lance Runolfsson","Production Designer"
836877395427328,8192123685830656,"Bernard Rau","Earl Bayer","Actress"
7610319926984704,4742090856595456,"Jan Bartell IV","Cora Cassin","Film Editor"
6182079136006144,3837368555536384,"Rodney Emard","Christian Wiegand","Actress"
7291968166035456,7436668772548608,"George Price","Brad Hickle","Actor"
4002831256256512,7118767647621120,"Rick Jones","Byron Batz I","Music Composer"
5880519776534528,6597629425221632,"Luther McClure","Miguel Altenwerth","Costume Designer"
4301247427379200,7220981447786496,"Joey Ankunding","Lyle Fay","Music Composer"
3703825057710080,1587786431856640,"Mary Franecki","Sandra Sipes","Costume Designer"
1611298972368896,6893939732774912,"Dianne Wisozk","Margarita Marks","Cinematographer"
5940411130445824,8852266152886272,"Moses Kunde","Francisco Bednar I","Actress"
6113931611340800,1016359408369664,"Candice Ortiz","Joanna Kulas III","Production Designer"
7815734763716608,8698586319552512,"Shawna Schowalter","Dorothy Willms","Screenwriter"
547926099099648,3223447930929152,"Sara Stehr","Dr. Mable Daugherty","Actor"
3135754876223488,6375008144195584,"Charlie Turner","Ian Crona","Director"
2692582331121664,4405085922656256,"Christine Hoeger","Kathleen Wolf","Music Composer"
4589340724297728,990356271267840,"Elbert Gutkowski","Jaime Mann","Film Editor"
5393599663439872,5464470004432896,"Mr. Clifton Kozey Sr.","Seth Mosciski","Production Designer"
2964966481068032,4673797934284800,"Marlene Denesik","Jeannie Bosco","Costume Designer"
905383598096384,6692874431234048,"Lorena Russel","Whitney Monahan","Actress"
6173216701677568,8707389754703872,"Domingo Cormier","Bradley Cummerata","Music Composer"
1384208465395712,3390454582214656,"Orville Larkin","Everett Larkin","Music Composer"
8877503609307136,5079877004820480,"Miriam Rice","Mamie Kilback","Screenwriter"
3232414123950080,7912412097282048,"Rosemarie Klocko","Michele Fay","Screenwriter"
2350870989635584,1384136107360256,"Shannon Hammes","Shawn Rice MD","Costume Designer"
819969914830848,8404897124843520,"Chester Rowe","Harold Graham","Cinematographer"
7592720088432640,2815001045762048,"Irvin Rohan","Archie Haag","Cinematographer"
5640786831998976,6571463461044224,"Nick Weimann PhD","Jim Gleason Jr.","Producer"
2315281265328128,5136405590179840,"Dan Smitham","Patrick Waelchi","Film Editor"
5882058798792704,6404796242198528,"Ms. Victoria Lind","Lee Senger","Producer"
3994095873687552,4880464145809408,"Jeanne Jenkins","Kristin Ondricka","Production Designer"
5198439600095232,7376709145853952,"Ethel Hermiston","Myrtle Stamm","Costume Designer"
2763544728698880,6769991309328384,"Francisco Nikolaus","Neil Leannon","Cinematographer"
4923333300715520,8787304218886144,"Henry O'Connell","Boyd Jast IV","Screenwriter"
6318535030603776,7197427511590912,"Ellen Metz","Regina Goodwin","Film Editor"
7134470891110400,3750506627334144,"Grant Marquardt","Carl Kautzer","Costume Designer"
3978584727224320,901237912371200,"Rickey Legros","Benjamin Nikolaus","Music Composer"
2182026526457856,6479503381495808,"Lynda Rowe","Tamara Hackett","Screenwriter"
1752275995328512,8087936736165888,"Doris Osinski","Tabitha Gusikowski","Music Composer"
4301844130037760,7055068102656000,"Janet Schaden","Katrina Casper II","Director"
6753133998899200,6957979282702336,"Gayle Bergnaum","Miss Virginia Lemke","Screenwriter"
8943658095083520,6931383458988032,"Mary Emmerich","Sandra Crona","Film Editor"
8128886317514752,8379420282716160,"Meghan Kirlin","Nora Price","Director"
8334143400181760,3376081514004480,"Miss Maggie Cole","Angel Morissette","Costume Designer"
6122205045850112,83286166601728,"Cindy McClure","Loretta Abshire","Production Designer"
7955132039823360,8214988994904064,"Shelley Gutmann","Deborah Mills","Director"
3990456838914048,5649185374208000,"Faye Cruickshank","Elisa Kreiger","Production Designer"
7837143927881728,8748287989383168,"Alfred Keebler","Jose Walter","Screenwriter"
1198035050692608,7186973391323136,"Jerald Schneider","Garry Von","Actress"
3341061543952384,2145279258132480,"Ernestine Langworth Jr.","Kay Pfeffer","Screenwriter"
632105054765056,3677020481388544,"Erik Hammes","Colin Ledner","Music Composer"
1283049367011328,8754181905055744,"Carlos Moore","Cedric Christiansen","Director"
8890176969375744,3571021558841344,"Heather Weber","Laura Hilpert","Producer"
179821783023616,8871882661036032,"Johnny Sauer","Ramon Pouros","Actor"
3860155594702848,7564025036537856,"Frances Kuhlman","Mrs. Patti Jacobi","Director"
1380382186405888,6929326805090304,"Cory Schumm Jr.","Frank Jones","Costume Designer"
7603930047447040,468887390912512,"Steve Wunsch","Mr. Jay Kohler","Music Composer"
6915651455156224,1688091660124160,"Inez Kiehn","Nichole Tremblay","Producer"
1521385643966464,2748279043391488,"Betsy Braun","Flora Harris","Costume Designer"
10974033608704,3753443875356672,"Chelsea Paucek","Lori Ernser","Film Editor"
5450163407552512,6268017474273280,"Dr. Johnathan Parisian-Upton","Elbert Hammes PhD","Actor"
7628781772603392,1116570493386752,"Carrie Schmidt","Mrs. Kara Beatty V","Screenwriter"
6232018983583744,8825151160320000,"Valerie Ferry","Doris Witting","Screenwriter"